subject,timestamp,marker,pupil_left,validity_left,pupil_right,validity_right,trial,time,event,pupil_left_old,pupil_right_old
42,1464956756080311,41,2.94775,0,3.02895,0,14,-3012.045,fixation,2.94775,3.02895
42,1464956756096935,41,2.97865,0,3.05241,0,14,-2995.4210000000003,fixation,2.97865,3.05241
42,1464956756113685,41,2.99203,0,3.00536,0,14,-2978.6710000000003,fixation,2.99203,3.00536
42,1464956756130308,41,2.95494,0,3.04041,0,14,-2962.0480000000002,fixation,2.95494,3.04041
42,1464956756146932,41,2.9789,0,2.99991,0,14,-2945.424,fixation,2.9789,2.99991
42,1464956756163556,41,3.02951,0,3.00624,0,14,-2928.8,fixation,3.02951,3.00624
42,1464956756180306,41,3.00826,0,3.03519,0,14,-2912.05,fixation,3.00826,3.03519
42,1464956756196929,41,3.01561,0,3.00363,0,14,-2895.427,fixation,3.01561,3.00363
42,1464956756213554,41,2.9906,0,3.05357,0,14,-2878.802,fixation,2.9906,3.05357
42,1464956756230178,41,3.02905,0,3.04411,0,14,-2862.178,fixation,3.02905,3.04411
42,1464956756246799,41,3.06248,0,3.04079,0,14,-2845.5570000000002,fixation,3.06248,3.04079
42,1464956756263548,41,3.00969,0,3.00754,0,14,-2828.808,fixation,3.00969,3.00754
42,1464956756280173,41,3.03183,0,3.05406,0,14,-2812.183,fixation,3.03183,3.05406
42,1464956756296802,41,3.05057,0,3.01442,0,14,-2795.554,fixation,3.05057,3.01442
42,1464956756313421,41,3.03719,0,3.04677,0,14,-2778.9350000000004,fixation,3.03719,3.04677
42,1464956756330176,41,3.03014,0,3.05811,0,14,-2762.1800000000003,fixation,3.03014,3.05811
42,1464956756346794,41,3.04837,0,3.03148,0,14,-2745.562,fixation,3.04837,3.03148
42,1464956756363417,41,3.04935,0,3.00496,0,14,-2728.9390000000003,fixation,3.04935,3.00496
42,1464956756380042,41,3.03017,0,3.04955,0,14,-2712.3140000000003,fixation,3.03017,3.04955
42,1464956756396665,41,3.02776,0,3.05664,0,14,-2695.6910000000003,fixation,3.02776,3.05664
42,1464956756413415,41,3.03923,0,3.04565,0,14,-2678.9410000000003,fixation,3.03923,3.04565
42,1464956756430036,41,3.04546,0,3.01323,0,14,-2662.32,fixation,3.04546,3.01323
42,1464956756446661,41,3.00116,0,3.01857,0,14,-2645.695,fixation,3.00116,3.01857
42,1464956756463284,41,2.99637,0,3.00996,0,14,-2629.072,fixation,2.99637,3.00996
42,1464956756480034,41,3.02563,0,3.04338,0,14,-2612.322,fixation,3.02563,3.04338
42,1464956756496657,41,3.04366,0,3.02834,0,14,-2595.699,fixation,3.04366,3.02834
42,1464956756513282,41,3.04066,0,2.97621,0,14,-2579.074,fixation,3.04066,2.97621
42,1464956756529906,41,3.01299,0,3.02301,0,14,-2562.45,fixation,3.01299,3.02301
42,1464956756546530,41,3.00238,0,3.01845,0,14,-2545.826,fixation,3.00238,3.01845
42,1464956756563279,41,2.98764,0,3.02336,0,14,-2529.077,fixation,2.98764,3.02336
42,1464956756579904,41,2.99734,0,3.01233,0,14,-2512.452,fixation,2.99734,3.01233
42,1464956756596527,41,3.0127,0,2.97913,0,14,-2495.829,fixation,3.0127,2.97913
42,1464956756613149,41,2.9958,0,3.01556,0,14,-2479.2070000000003,fixation,2.9958,3.01556
42,1464956756629898,41,3.01447,0,3.0322,0,14,-2462.458,fixation,3.01447,3.0322
42,1464956756646522,41,2.98357,0,3.02213,0,14,-2445.8340000000003,fixation,2.98357,3.02213
42,1464956756663146,41,2.95895,0,2.98006,0,14,-2429.21,fixation,2.95895,2.98006
42,1464956756679770,41,2.97762,0,2.97365,0,14,-2412.5860000000002,fixation,2.97762,2.97365
42,1464956756696394,41,2.96623,0,2.96863,0,14,-2395.962,fixation,2.96623,2.96863
42,1464956756713144,41,2.90936,0,2.99524,0,14,-2379.212,fixation,2.90936,2.99524
42,1464956756729767,41,2.93462,0,2.94778,0,14,-2362.589,fixation,2.93462,2.94778
42,1464956756746392,41,2.94554,0,2.97191,0,14,-2345.964,fixation,2.94554,2.97191
42,1464956756763015,41,2.92523,0,2.9377,0,14,-2329.3410000000003,fixation,2.92523,2.9377
42,1464956756779765,41,2.93748,0,2.94241,0,14,-2312.5910000000003,fixation,2.93748,2.94241
42,1464956756796386,41,2.95403,0,2.93529,0,14,-2295.9700000000003,fixation,2.95403,2.93529
42,1464956756813011,41,2.89799,0,2.95026,0,14,-2279.3450000000003,fixation,2.89799,2.95026
42,1464956756829634,41,2.89635,0,2.92191,0,14,-2262.722,fixation,2.89635,2.92191
42,1464956756846384,41,2.90894,0,2.93585,0,14,-2245.972,fixation,2.90894,2.93585
42,1464956756863007,41,2.90472,0,2.94786,0,14,-2229.349,fixation,2.90472,2.94786
42,1464956756879644,41,2.93878,0,2.94597,0,14,-2212.712,fixation,2.93878,2.94597
42,1464956756896256,41,2.93263,0,2.97934,0,14,-2196.1000000000004,fixation,2.93263,2.97934
42,1464956756912880,41,2.93137,0,2.957,0,14,-2179.476,fixation,2.93137,2.957
42,1464956756929629,41,2.89992,0,2.95886,0,14,-2162.7270000000003,fixation,2.89992,2.95886
42,1464956756946253,41,2.95309,0,2.98251,0,14,-2146.103,fixation,2.95309,2.98251
42,1464956756962877,41,2.96878,0,2.99084,0,14,-2129.4790000000003,fixation,2.96878,2.99084
42,1464956756979499,41,2.922,0,3.00694,0,14,-2112.857,fixation,2.922,3.00694
42,1464956756996248,41,2.95068,0,2.98325,0,14,-2096.108,fixation,2.95068,2.98325
42,1464956757012873,41,2.94875,0,2.99287,0,14,-2079.483,fixation,2.94875,2.99287
42,1464956757029496,41,2.95438,0,2.9942,0,14,-2062.86,fixation,2.95438,2.9942
42,1464956757046120,41,2.98145,0,3.03189,0,14,-2046.2360000000003,fixation,2.98145,3.03189
42,1464956757062744,41,2.97209,0,3.01346,0,14,-2029.612,fixation,2.97209,3.01346
42,1464956757079493,41,2.94905,0,3.00931,0,14,-2012.8630000000003,fixation,2.94905,3.00931
42,1464956757096117,41,2.93469,0,2.98911,0,14,-1996.239,fixation,2.93469,2.98911
42,1464956757112742,41,2.95134,0,3.03444,0,14,-1979.614,fixation,2.95134,3.03444
42,1464956757129368,41,2.99149,0,3.04764,0,14,-1962.9880000000003,fixation,2.99149,3.04764
42,1464956757146115,41,2.96422,0,2.99174,0,14,-1946.241,fixation,2.96422,2.99174
42,1464956757162736,41,2.99448,0,3.01074,0,14,-1929.6200000000003,fixation,2.99448,3.01074
42,1464956757179360,41,2.98331,0,2.99622,0,14,-1912.996,fixation,2.98331,2.99622
42,1464956757195984,41,2.97499,0,2.99669,0,14,-1896.3720000000003,fixation,2.97499,2.99669
42,1464956757212609,41,2.97652,0,3.02173,0,14,-1879.7470000000003,fixation,2.97652,3.02173
42,1464956757229357,41,2.95174,0,2.98743,0,14,-1862.9990000000003,fixation,2.95174,2.98743
42,1464956757245983,41,2.9633,0,2.98962,0,14,-1846.373,fixation,2.9633,2.98962
42,1464956757262613,41,2.98508,0,3.02728,0,14,-1829.743,fixation,2.98508,3.02728
42,1464956757279230,41,2.94798,0,2.97577,0,14,-1813.1260000000002,fixation,2.94798,2.97577
42,1464956757295979,41,2.94075,0,2.95723,0,14,-1796.377,fixation,2.94075,2.95723
42,1464956757312603,41,2.97566,0,2.98982,0,14,-1779.7530000000002,fixation,2.97566,2.98982
42,1464956757329227,41,2.94553,0,2.9407,0,14,-1763.1290000000004,fixation,2.94553,2.9407
42,1464956757345849,41,2.9595,0,2.96786,0,14,-1746.507,fixation,2.9595,2.96786
42,1464956757362472,41,2.94864,0,2.93369,0,14,-1729.884,fixation,2.94864,2.93369
42,1464956757379222,41,2.92613,0,2.94345,0,14,-1713.134,fixation,2.92613,2.94345
42,1464956757395845,41,2.93774,0,2.97502,0,14,-1696.511,fixation,2.93774,2.97502
42,1464956757412471,41,2.9395,0,2.94806,0,14,-1679.8850000000002,fixation,2.9395,2.94806
42,1464956757429094,41,2.922,0,2.94478,0,14,-1663.2620000000002,fixation,2.922,2.94478
42,1464956757445843,41,2.93877,0,2.94206,0,14,-1646.5130000000004,fixation,2.93877,2.94206
42,1464956757462467,41,2.92596,0,2.95796,0,14,-1629.8890000000001,fixation,2.92596,2.95796
42,1464956757479091,41,2.92712,0,2.93507,0,14,-1613.2650000000003,fixation,2.92712,2.93507
42,1464956757495715,41,2.92369,0,2.94188,0,14,-1596.641,fixation,2.92369,2.94188
42,1464956757512465,41,2.93298,0,2.95001,0,14,-1579.891,fixation,2.93298,2.95001
42,1464956757529086,41,2.94833,0,2.94356,0,14,-1563.27,fixation,2.94833,2.94356
42,1464956757545710,41,2.96538,0,2.93869,0,14,-1546.6460000000002,fixation,2.96538,2.93869
42,1464956757562334,41,2.91974,0,2.97006,0,14,-1530.022,fixation,2.91974,2.97006
42,1464956757578958,41,2.96291,0,2.959,0,14,-1513.3980000000001,fixation,2.96291,2.959
42,1464956757595707,41,2.94185,0,2.9709,0,14,-1496.6490000000003,fixation,2.94185,2.9709
42,1464956757612332,41,2.94803,0,2.98238,0,14,-1480.0240000000003,fixation,2.94803,2.98238
42,1464956757628956,41,2.99083,0,3.01376,0,14,-1463.4,fixation,2.99083,3.01376
42,1464956757645581,41,2.99077,0,2.99936,0,14,-1446.775,fixation,2.99077,2.99936
42,1464956757662328,41,2.99385,0,3.0038,0,14,-1430.0280000000002,fixation,2.99385,3.0038
42,1464956757678953,41,3.01476,0,3.0235,0,14,-1413.4030000000002,fixation,3.01476,3.0235
42,1464956757695577,41,3.01764,0,3.00168,0,14,-1396.779,fixation,3.01764,3.00168
42,1464956757712200,41,3.02028,0,3.0388,0,14,-1380.156,fixation,3.02028,3.0388
42,1464956757728822,41,3.03322,0,3.00272,0,14,-1363.534,fixation,3.03322,3.00272
42,1464956757745577,41,3.03821,0,3.03551,0,14,-1346.779,fixation,3.03821,3.03551
42,1464956757762195,41,3.04167,0,3.01178,0,14,-1330.161,fixation,3.04167,3.01178
42,1464956757778820,41,3.04724,0,3.02118,0,14,-1313.536,fixation,3.04724,3.02118
42,1464956757795454,41,3.02936,0,3.07318,0,14,-1296.902,fixation,3.02936,3.07318
42,1464956757812193,41,3.02888,0,3.04257,0,14,-1280.163,fixation,3.02888,3.04257
42,1464956757828817,41,3.04674,0,3.02864,0,14,-1263.5390000000002,fixation,3.04674,3.02864
42,1464956757845441,41,3.05165,0,3.0766,0,14,-1246.915,fixation,3.05165,3.0766
42,1464956757862065,41,3.0336,0,3.04684,0,14,-1230.2910000000002,fixation,3.0336,3.04684
42,1464956757878690,41,3.00281,0,3.06425,0,14,-1213.6660000000002,fixation,3.00281,3.06425
42,1464956757895436,41,3.01538,0,3.04652,0,14,-1196.92,fixation,3.01538,3.04652
42,1464956757912060,41,3.03787,0,3.06265,0,14,-1180.2960000000003,fixation,3.03787,3.06265
42,1464956757928684,41,2.99709,0,3.06375,0,14,-1163.672,fixation,2.99709,3.06375
42,1464956757945308,41,3.03201,0,3.06552,0,14,-1147.0480000000002,fixation,3.03201,3.06552
42,1464956757962057,41,3.02582,0,3.05342,0,14,-1130.299,fixation,3.02582,3.05342
42,1464956757978682,41,3.01707,0,3.01843,0,14,-1113.674,fixation,3.01707,3.01843
42,1464956757995311,41,3.01003,0,3.04218,0,14,-1097.045,fixation,3.01003,3.04218
42,1464956758011930,41,3.01021,0,3.04581,0,14,-1080.426,fixation,3.01021,3.04581
42,1464956758028554,41,3.00446,0,3.07684,0,14,-1063.8020000000001,fixation,3.00446,3.07684
42,1464956758045303,41,3.03662,0,3.04535,0,14,-1047.0530000000003,fixation,3.03662,3.04535
42,1464956758061927,41,3.06004,0,3.08153,0,14,-1030.429,fixation,3.06004,3.08153
42,1464956758078548,41,3.0529,0,3.07315,0,14,-1013.808,fixation,3.0529,3.07315
42,1464956758095173,41,3.08681,0,3.069,0,14,-997.183,fixation,3.08681,3.069
42,1464956758111922,41,3.07185,0,3.0968,0,14,-980.4340000000002,fixation,3.07185,3.0968
42,1464956758128547,41,3.08395,0,3.08321,0,14,-963.8090000000002,fixation,3.08395,3.08321
42,1464956758145178,41,3.08969,0,3.09081,0,14,-947.1780000000003,fixation,3.08969,3.09081
42,1464956758161794,41,3.08051,0,3.12524,0,14,-930.5620000000004,fixation,3.08051,3.12524
42,1464956758178418,41,3.07068,0,3.13176,0,14,-913.9380000000001,fixation,3.07068,3.13176
42,1464956758195167,41,3.13167,0,3.13268,0,14,-897.1890000000003,fixation,3.13167,3.13268
42,1464956758211791,41,3.07538,0,3.15596,0,14,-880.565,fixation,3.07538,3.15596
42,1464956758228415,41,3.1107,0,3.15672,0,14,-863.9410000000003,fixation,3.1107,3.15672
42,1464956758245040,41,3.13232,0,3.15982,0,14,-847.3160000000003,fixation,3.13232,3.15982
42,1464956758261788,41,3.12666,0,3.18309,0,14,-830.5680000000002,fixation,3.12666,3.18309
42,1464956758278420,41,3.14716,0,3.15413,0,14,-813.9360000000001,fixation,3.14716,3.15413
42,1464956758295034,41,3.14127,0,3.15779,0,14,-797.3220000000001,fixation,3.14127,3.15779
42,1464956758311658,41,3.15007,0,3.15836,0,14,-780.6980000000003,fixation,3.15007,3.15836
42,1464956758328407,41,3.15085,0,3.15805,0,14,-763.9490000000001,fixation,3.15085,3.15805
42,1464956758345032,41,3.16493,0,3.16286,0,14,-747.3240000000001,fixation,3.16493,3.16286
42,1464956758361655,41,3.17374,0,3.1600799999999998,0,14,-730.701,fixation,3.17374,3.1600799999999998
42,1464956758378280,41,3.15802,0,3.16299,0,14,-714.076,fixation,3.15802,3.16299
42,1464956758394904,41,3.15099,0,3.21414,0,14,-697.4520000000002,fixation,3.15099,3.21414
42,1464956758411653,41,3.15837,0,3.18034,0,14,-680.703,fixation,3.15837,3.18034
42,1464956758428276,41,3.18744,0,3.15213,0,14,-664.0799999999999,fixation,3.18744,3.15213
42,1464956758444899,41,3.18501,0,3.1684,0,14,-647.4570000000003,fixation,3.18501,3.1684
42,1464956758461523,41,3.14709,0,3.17529,0,14,-630.8330000000001,fixation,3.14709,3.17529
42,1464956758478272,41,3.19479,0,3.17749,0,14,-614.0840000000003,fixation,3.19479,3.17749
42,1464956758494896,41,3.1879,0,3.17755,0,14,-597.46,fixation,3.1879,3.17755
42,1464956758511525,41,3.17802,0,3.16759,0,14,-580.8310000000001,fixation,3.17802,3.16759
42,1464956758528144,41,3.18176,0,3.17116,0,14,-564.212,fixation,3.18176,3.17116
42,1464956758544768,41,3.19069,0,3.17528,0,14,-547.5880000000002,fixation,3.19069,3.17528
42,1464956758561517,41,3.15976,0,3.21106,0,14,-530.8389999999999,fixation,3.15976,3.21106
42,1464956758578141,41,3.18547,0,3.21576,0,14,-514.2150000000001,fixation,3.18547,3.21576
42,1464956758594766,41,3.18188,0,3.22495,0,14,-497.59000000000015,fixation,3.18188,3.22495
42,1464956758611389,41,3.21077,0,3.22458,0,14,-480.9670000000001,fixation,3.21077,3.22458
42,1464956758628135,41,3.23776,0,3.24138,0,14,-464.221,fixation,3.23776,3.24138
42,1464956758644760,41,3.21173,0,3.22452,0,14,-447.596,fixation,3.21173,3.22452
42,1464956758661397,41,3.22311,0,3.22037,0,14,-430.9590000000003,fixation,3.22311,3.22037
42,1464956758678008,41,3.20667,0,3.23566,0,14,-414.3480000000004,fixation,3.20667,3.23566
42,1464956758694633,41,3.21989,0,3.23228,0,14,-397.7230000000004,fixation,3.21989,3.23228
42,1464956758711381,41,3.22183,0,3.233,0,14,-380.9749999999999,fixation,3.22183,3.233
42,1464956758728006,41,3.23457,0,3.2693,0,14,-364.3499999999999,fixation,3.23457,3.2693
42,1464956758744629,41,3.24199,0,3.25153,0,14,-347.7270000000003,fixation,3.24199,3.25153
42,1464956758761254,41,3.24602,0,3.26248,0,14,-331.1020000000003,fixation,3.24602,3.26248
42,1464956758778003,41,3.24178,0,3.26387,0,14,-314.3530000000005,fixation,3.24178,3.26387
42,1464956758794626,41,3.25978,0,3.24271,0,14,-297.73,fixation,3.25978,3.24271
42,1464956758811248,41,3.26804,0,3.25894,0,14,-281.1079999999997,fixation,3.26804,3.25894
42,1464956758827873,41,3.22549,0,3.28954,0,14,-264.4829999999997,fixation,3.22549,3.28954
42,1464956758844497,41,3.25302,0,3.2775,0,14,-247.85899999999992,fixation,3.25302,3.2775
42,1464956758861245,41,3.23874,0,3.28467,0,14,-231.11100000000033,fixation,3.23874,3.28467
42,1464956758877870,41,3.25302,0,3.25688,0,14,-214.48600000000033,fixation,3.25302,3.25688
42,1464956758894494,41,3.26413,0,3.29079,0,14,-197.86200000000053,fixation,3.26413,3.29079
42,1464956758911118,41,3.25043,0,3.28012,0,14,-181.23799999999983,fixation,3.25043,3.28012
42,1464956758927866,41,3.2341,0,3.25111,0,14,-164.49000000000024,fixation,3.2341,3.25111
42,1464956758944491,41,3.26692,0,3.2579,0,14,-147.86500000000024,fixation,3.26692,3.2579
42,1464956758961116,41,3.26968,0,3.26457,0,14,-131.24000000000024,fixation,3.26968,3.26457
42,1464956758977739,41,3.26111,0,3.23019,0,14,-114.61699999999973,fixation,3.26111,3.23019
42,1464956758994361,41,3.24464,0,3.22348,0,14,-97.99500000000035,fixation,3.24464,3.22348
42,1464956759011110,41,3.24666,0,3.22926,0,14,-81.24600000000055,fixation,3.24666,3.22926
42,1464956759027734,41,3.23865,0,3.25011,0,14,-64.62199999999984,fixation,3.23865,3.25011
42,1464956759044358,41,3.23981,0,3.23079,0,14,-47.99800000000005,fixation,3.23981,3.23079
42,1464956759060983,41,3.23759,0,3.21158,0,14,-31.373000000000047,fixation,3.23759,3.21158
42,1464956759077732,41,3.24814,0,3.21843,0,14,-14.624000000000251,fixation,3.24814,3.21843
42,1464956759094356,41,3.23166,0,3.2397,0,14,1.9999999999995453,answer,3.23166,3.2397
42,1464956759110990,41,3.2283,0,3.21246,0,14,18.63399999999956,answer,3.2283,3.21246
42,1464956759127603,41,3.23892,0,3.2291,0,14,35.246999999999844,answer,3.23892,3.2291
42,1464956759144351,41,3.24318,0,3.23788,0,14,51.994999999999436,answer,3.24318,3.23788
42,1464956759160985,41,3.22748,0,3.20734,0,14,68.62899999999945,answer,3.22748,3.20734
42,1464956759177598,41,3.23068,0,3.22403,0,14,85.24199999999973,answer,3.23068,3.22403
42,1464956759194223,41,3.23923,0,3.20084,0,14,101.86699999999973,answer,3.23923,3.20084
42,1464956759210846,41,3.22699,0,3.254,0,14,118.49000000000024,answer,3.22699,3.254
42,1464956759227596,41,3.24843,0,3.23959,0,14,135.24000000000024,answer,3.24843,3.23959
42,1464956759244220,41,3.25615,0,3.25352,0,14,151.86400000000003,answer,3.25615,3.25352
42,1464956759260844,41,3.26204,0,3.23114,0,14,168.48799999999983,answer,3.26204,3.23114
42,1464956759277468,41,3.22942,0,3.22346,0,14,185.11199999999963,answer,3.22942,3.22346
42,1464956759294218,41,3.25603,0,3.21756,0,14,201.86199999999963,answer,3.25603,3.21756
42,1464956759310841,41,3.24818,0,3.23463,0,14,218.48500000000013,answer,3.24818,3.23463
42,1464956759327465,41,3.23962,0,3.19962,0,14,235.10899999999992,answer,3.23962,3.19962
42,1464956759344095,41,3.25844,0,3.20815,0,14,251.73900000000003,answer,3.25844,3.20815
42,1464956759360711,41,3.22452,0,3.21666,0,14,268.355,answer,3.22452,3.21666
42,1464956759377460,41,3.22984,0,3.2067,0,14,285.1039999999998,answer,3.22984,3.2067
42,1464956759394084,41,3.24615,0,3.2027,0,14,301.7279999999996,answer,3.24615,3.2027
42,1464956759410708,41,3.25352,0,3.22012,0,14,318.3519999999994,answer,3.25352,3.22012
42,1464956759427332,41,3.23123,0,3.21477,0,14,334.9760000000001,answer,3.23123,3.21477
42,1464956759444081,41,3.22638,0,3.20988,0,14,351.7249999999999,answer,3.22638,3.20988
42,1464956759460706,41,3.21568,0,3.20119,0,14,368.3499999999999,answer,3.21568,3.20119
42,1464956759477329,41,3.22058,0,3.18686,0,14,384.9729999999995,answer,3.22058,3.18686
42,1464956759493954,41,3.20378,0,3.21027,0,14,401.5979999999995,answer,3.20378,3.21027
42,1464956759510577,41,3.22385,0,3.19057,0,14,418.221,answer,3.22385,3.19057
42,1464956759527327,41,3.22729,0,3.22842,0,14,434.971,answer,3.22729,3.22842
42,1464956759543948,41,3.21429,0,3.21782,0,14,451.5920000000001,answer,3.21429,3.21782
42,1464956759560573,41,3.23749,0,3.23138,0,14,468.2170000000001,answer,3.23749,3.23138
42,1464956759577196,41,3.23131,0,3.23999,0,14,484.8399999999997,answer,3.23131,3.23999
42,1464956759593946,41,3.22256,0,3.24026,0,14,501.5899999999997,answer,3.22256,3.24026
42,1464956759610570,41,3.21779,0,3.25415,0,14,518.2139999999995,answer,3.21779,3.25415
42,1464956759627194,41,3.22702,0,3.24257,0,14,534.8380000000002,answer,3.22702,3.24257
42,1464956759643817,41,3.23256,0,3.21075,0,14,551.4609999999998,answer,3.23256,3.21075
42,1464956759660443,41,3.22002,0,3.23047,0,14,568.087,answer,3.22002,3.23047
42,1464956759677197,41,3.20781,0,3.2319,0,14,584.8409999999999,answer,3.20781,3.2319
42,1464956759693815,41,3.21928,0,3.20396,0,14,601.4590000000003,answer,3.21928,3.20396
42,1464956759710439,41,3.19258,0,3.23907,0,14,618.0830000000001,answer,3.19258,3.23907
42,1464956759926923,41,3.2083,0,3.18005,0,14,834.5669999999996,answer,3.2083,3.18005
42,1464956759943546,41,3.16028,0,3.19939,0,14,851.19,answer,3.16028,3.19939
42,1464956759960171,41,3.11862,0,3.19592,0,14,867.815,answer,3.11862,3.19592
42,1464956759976919,41,NA,4,3.21716,0,14,884.5629999999996,answer,NA,3.21716
42,1464956759993544,41,3.15706,0,3.2075,0,14,901.1879999999996,answer,3.15706,3.2075
42,1464956760010173,41,3.15892,0,3.17726,0,14,917.8169999999996,answer,3.15892,3.17726
42,1464956760026792,41,3.16469,0,3.22853,0,14,934.4360000000001,answer,3.16469,3.22853
42,1464956760043541,41,3.15317,0,3.23404,0,14,951.185,answer,3.15317,3.23404
42,1464956760060165,41,3.19212,0,3.20747,0,14,967.8089999999997,answer,3.19212,3.20747
42,1464956760076788,41,3.17418,0,3.22144,0,14,984.4320000000002,answer,3.17418,3.22144
42,1464956760093411,41,3.1783,0,3.22882,0,14,1001.0549999999998,answer,3.1783,3.22882
42,1464956760110034,41,3.19273,0,3.2115,0,14,1017.6779999999994,answer,3.19273,3.2115
42,1464956760126784,41,3.14171,0,3.2011,0,14,1034.4279999999994,answer,3.14171,3.2011
42,1464956760143408,41,3.19292,0,3.21234,0,14,1051.0520000000001,answer,3.19292,3.21234
42,1464956760160043,41,3.18759,0,3.2206,0,14,1067.6869999999994,answer,3.18759,3.2206
42,1464956760176656,41,3.1994,0,3.23366,0,14,1084.2999999999993,answer,3.1994,3.23366
42,1464956760193405,41,3.19279,0,3.22983,0,14,1101.048999999999,answer,3.19279,3.22983
42,1464956760210029,41,3.16296,0,3.21236,0,14,1117.6730000000007,answer,3.16296,3.21236
42,1464956760226653,41,3.15622,0,3.22603,0,14,1134.2970000000005,answer,3.15622,3.22603
42,1464956760243277,41,3.14774,0,3.18614,0,14,1150.9210000000003,answer,3.14774,3.18614
42,1464956760259901,41,3.11505,0,3.19659,0,14,1167.545,answer,3.11505,3.19659
42,1464956760276648,41,3.15086,0,3.1586,0,14,1184.2919999999995,answer,3.15086,3.1586
42,1464956760293273,41,3.12404,0,3.15179,0,14,1200.9169999999995,answer,3.12404,3.15179
42,1464956760309896,41,3.11642,0,3.1512,0,14,1217.539999999999,answer,3.11642,3.1512
42,1464956760326520,41,3.10039,0,3.15201,0,14,1234.1640000000007,answer,3.10039,3.15201
42,1464956760343269,41,3.08763,0,3.13065,0,14,1250.9130000000005,answer,3.08763,3.13065
42,1464956760359907,41,3.06206,0,3.13048,0,14,1267.5509999999995,answer,3.06206,3.13048
42,1464956760376517,41,3.07025,0,3.10567,0,14,1284.161,answer,3.07025,3.10567
42,1464956760393152,41,3.06541,0,3.13168,0,14,1300.7960000000003,answer,3.06541,3.13168
42,1464956760409889,41,3.08147,0,3.11462,0,14,1317.5329999999994,answer,3.08147,3.11462
42,1464956760426516,41,3.07819,0,3.10304,0,14,1334.1599999999999,answer,3.07819,3.10304
42,1464956760443139,41,3.06223,0,3.11031,0,14,1350.7829999999994,answer,3.06223,3.11031
42,1464956760459761,41,3.04222,0,3.0802,0,14,1367.4050000000007,answer,3.04222,3.0802
42,1464956760476384,41,3.02925,0,3.08179,0,14,1384.0280000000002,answer,3.02925,3.08179
42,1464956760493142,41,3.03241,0,3.09216,0,14,1400.786,answer,3.03241,3.09216
42,1464956760509758,41,3.04472,0,3.08995,0,14,1417.402,answer,3.04472,3.08995
42,1464956760526382,41,3.01912,0,3.07758,0,14,1434.0259999999998,answer,3.01912,3.07758
42,1464956760543006,41,3.04544,0,3.05905,0,14,1450.6499999999996,answer,3.04544,3.05905
42,1464956760559755,41,3.04115,0,3.08717,0,14,1467.3989999999994,answer,3.04115,3.08717
42,1464956760576379,41,3.00067,0,3.0481,0,14,1484.0229999999992,answer,3.00067,3.0481
42,1464956760593003,41,2.99344,0,3.03273,0,14,1500.646999999999,answer,2.99344,3.03273
42,1464956760609627,41,2.97179,0,3.0703,0,14,1517.2710000000006,answer,2.97179,3.0703
42,1464956760626251,41,2.97034,0,3.03711,0,14,1533.8950000000004,answer,2.97034,3.03711
42,1464956760642997,41,2.97302,0,3.0405,0,14,1550.6409999999996,answer,2.97302,3.0405
42,1464956760659622,41,2.9557,0,3.02269,0,14,1567.2659999999996,answer,2.9557,3.02269
42,1464956760676246,41,2.99451,0,3.04854,0,14,1583.8899999999994,answer,2.99451,3.04854
42,1464956760692870,41,2.95491,0,3.05121,0,14,1600.5139999999992,answer,2.95491,3.05121
42,1464956760709619,41,2.97968,0,3.07379,0,14,1617.262999999999,answer,2.97968,3.07379
42,1464956760726244,41,2.98764,0,3.04738,0,14,1633.887999999999,answer,2.98764,3.04738
42,1464956760742867,41,2.979,0,3.0127100000000002,0,14,1650.5110000000004,answer,2.979,3.0127100000000002
42,1464956760759492,41,2.98419,0,3.04579,0,14,1667.1360000000004,answer,2.98419,3.04579
42,1464956760776116,41,2.97742,0,3.0947,0,14,1683.7600000000002,answer,2.97742,3.0947
42,1464956760792865,41,2.98633,0,3.05716,0,14,1700.509,answer,2.98633,3.05716
42,1464956760809489,41,2.97841,0,3.03299,0,14,1717.1329999999998,answer,2.97841,3.03299
42,1464956760826110,41,2.99158,0,3.02946,0,14,1733.753999999999,answer,2.99158,3.02946
42,1464956760842741,41,2.99936,0,3.02776,0,14,1750.3850000000002,answer,2.99936,3.02776
42,1464956760859484,41,2.9975,0,3.0183,0,14,1767.1280000000006,answer,2.9975,3.0183
42,1464956760876114,41,3.01216,0,3.03389,0,14,1783.7579999999998,answer,3.01216,3.03389
42,1464956760892737,41,2.99445,0,3.04977,0,14,1800.3809999999994,answer,2.99445,3.04977
42,1464956760909356,41,2.97516,0,3.0847,0,14,1817,answer,2.97516,3.0847
42,1464956760925992,41,2.98195,0,3.0567,0,14,1833.6360000000004,answer,2.98195,3.0567
42,1464956760942730,41,3.01222,0,3.05072,0,14,1850.3739999999998,answer,3.01222,3.05072
42,1464956760959353,41,3.00859,0,3.03296,0,14,1866.9969999999994,answer,3.00859,3.03296
42,1464956760975977,41,3.00873,0,3.03842,0,14,1883.6209999999992,answer,3.00873,3.03842
42,1464956760992601,41,2.9946,0,3.06744,0,14,1900.244999999999,answer,2.9946,3.06744
42,1464956761175838,41,2.95558,0,3.0603,0,14,2083.482,answer,2.95558,3.0603
42,1464956761192461,41,3.00682,0,3.07529,0,14,2100.1049999999996,answer,3.00682,3.07529
42,1464956761209084,41,3.05153,0,3.11557,0,14,2116.727999999999,answer,3.05153,3.11557
42,1464956761225834,41,3.00993,0,3.05055,0,14,2133.477999999999,answer,3.00993,3.05055
42,1464956761242457,41,3.03181,0,3.12332,0,14,2150.1010000000006,answer,3.03181,3.12332
42,1464956761259082,41,3.02286,0,3.12057,0,14,2166.7260000000006,answer,3.02286,3.12057
42,1464956761275705,41,3.03372,0,3.07941,0,14,2183.349,answer,3.03372,3.07941
42,1464956761292330,41,3.02823,0,3.08847,0,14,2199.974,answer,3.02823,3.08847
42,1464956761309078,41,3.04646,0,3.08267,0,14,2216.7219999999998,answer,3.04646,3.08267
42,1464956761325704,41,3.02296,0,3.08276,0,14,2233.348,answer,3.02296,3.08276
42,1464956761342333,41,3.02661,0,3.10268,0,14,2249.976999999999,answer,3.02661,3.10268
42,1464956761358951,41,3.04463,0,3.07614,0,14,2266.5949999999993,answer,3.04463,3.07614
42,1464956761375698,41,3.03503,0,3.07921,0,14,2283.3420000000006,answer,3.03503,3.07921
42,1464956761392322,41,3.05504,0,3.09485,0,14,2299.9660000000003,answer,3.05504,3.09485
42,1464956761408945,41,3.03424,0,3.11134,0,14,2316.589,answer,3.03424,3.11134
42,1464956761425570,41,3.02162,0,3.101,0,14,2333.214,answer,3.02162,3.101
42,1464956761442193,41,3.03828,0,3.08073,0,14,2349.8369999999995,answer,3.03828,3.08073
42,1464956761458944,41,3.00099,0,3.08632,0,14,2366.5879999999997,answer,3.00099,3.08632
42,1464956761475567,41,3.02324,0,3.07277,0,14,2383.2109999999993,answer,3.02324,3.07277
42,1464956761492192,41,3.05392,0,3.08556,0,14,2399.8359999999993,answer,3.05392,3.08556
42,1464956761508815,41,3.01823,0,3.04791,0,14,2416.4590000000007,answer,3.01823,3.04791
42,1464956761525564,41,3.01022,0,3.05547,0,14,2433.2080000000005,answer,3.01022,3.05547
42,1464956761542188,41,3.00078,0,3.02754,0,14,2449.8320000000003,answer,3.00078,3.02754
42,1464956761558810,41,3.00452,0,3.0135,0,14,2466.4539999999997,answer,3.00452,3.0135
42,1464956761575434,41,3.01141,0,3.04079,0,14,2483.0779999999995,answer,3.01141,3.04079
42,1464956761592064,41,2.96941,0,3.02328,0,14,2499.7080000000005,answer,2.96941,3.02328
42,1464956761608807,41,2.98018,0,3.03384,0,14,2516.450999999999,answer,2.98018,3.03384
42,1464956761625432,41,2.96152,0,3.03082,0,14,2533.075999999999,answer,2.96152,3.03082
42,1464956761642055,41,2.98778,0,3.03456,0,14,2549.6990000000005,answer,2.98778,3.03456
42,1464956761658680,41,2.96326,0,3.03668,0,14,2566.3240000000005,answer,2.96326,3.03668
42,1464956761675429,41,2.94975,0,2.9942,0,14,2583.0730000000003,answer,2.94975,2.9942
42,1464956761692052,41,2.94417,0,2.98334,0,14,2599.696,answer,2.94417,2.98334
42,1464956761708677,41,2.92863,0,2.99063,0,14,2616.321,answer,2.92863,2.99063
42,1464956761725301,41,2.95959,0,2.97755,0,14,2632.9449999999997,answer,2.95959,2.97755
42,1464956761741927,41,2.96634,0,2.97769,0,14,2649.571,answer,2.96634,2.97769
42,1464956761758672,41,2.95782,0,3.02863,0,14,2666.3160000000007,answer,2.95782,3.02863
42,1464956761775296,41,2.91995,0,3.01669,0,14,2682.9400000000005,answer,2.91995,3.01669
42,1464956761791920,41,2.95831,0,2.97874,0,14,2699.5640000000003,answer,2.95831,2.97874
42,1464956761808544,41,2.89656,0,2.97914,0,14,2716.188,answer,2.89656,2.97914
42,1464956761825293,41,2.91354,0,2.97279,0,14,2732.937,answer,2.91354,2.97279
42,1464956761841931,41,2.92372,0,3.00069,0,14,2749.5750000000007,answer,2.92372,3.00069
42,1464956761858541,41,2.94984,0,3.0071,0,14,2766.1849999999995,answer,2.94984,3.0071
42,1464956761875165,41,2.95662,0,3.01355,0,14,2782.8089999999993,answer,2.95662,3.01355
42,1464956761891789,41,2.94725,0,2.98904,0,14,2799.432999999999,answer,2.94725,2.98904
42,1464956761908538,41,2.94438,0,3.00163,0,14,2816.1820000000007,answer,2.94438,3.00163
42,1464956761925160,41,2.9458,0,2.96542,0,14,2832.804,answer,2.9458,2.96542
42,1464956761941784,41,2.96457,0,3.00435,0,14,2849.428,answer,2.96457,3.00435
42,1464956761958408,41,2.95193,0,2.99553,0,14,2866.0519999999997,answer,2.95193,2.99553
42,1464956761975157,41,2.94925,0,3.00563,0,14,2882.8009999999995,answer,2.94925,3.00563
42,1464956761991787,41,2.91893,0,3.01834,0,14,2899.4310000000005,answer,2.91893,3.01834
42,1464956762008405,41,2.97227,0,3.00517,0,14,2916.048999999999,answer,2.97227,3.00517
42,1464956762025030,41,2.9529,0,2.97897,0,14,2932.673999999999,answer,2.9529,2.97897
42,1464956762041778,41,2.93109,0,3.00542,0,14,2949.4220000000005,answer,2.93109,3.00542
42,1464956762058403,41,2.95383,0,2.98314,0,14,2966.0470000000005,answer,2.95383,2.98314
42,1464956762075026,41,2.93745,0,2.97881,0,14,2982.67,answer,2.93745,2.97881
42,1464956762091651,41,2.95673,0,2.99246,0,14,2999.295,answer,2.95673,2.99246
42,1464956762108272,41,2.94456,0,3.00233,0,14,3015.9159999999993,answer,2.94456,3.00233
42,1464956762125022,41,2.95642,0,2.96844,0,14,3032.6659999999993,answer,2.95642,2.96844
42,1464956762141645,41,2.9334,0,2.97128,0,14,3049.2890000000007,answer,2.9334,2.97128
42,1464956762158270,41,2.97462,0,2.94069,0,14,3065.9140000000007,answer,2.97462,2.94069
42,1464956762174893,41,2.91393,0,2.9436,0,14,3082.5370000000003,answer,2.91393,2.9436
42,1464956762191644,41,2.91902,0,2.96811,0,14,3099.2880000000005,answer,2.91902,2.96811
42,1464956762208267,41,2.89127,0,2.96065,0,14,3115.911,answer,2.89127,2.96065
42,1464956762224893,41,2.90273,0,2.93073,0,14,3132.5370000000003,answer,2.90273,2.93073
42,1464956762241515,41,2.92287,0,2.92012,0,14,3149.1589999999997,answer,2.92287,2.92012
42,1464956762258140,41,2.93571,0,2.94682,0,14,3165.7839999999997,answer,2.93571,2.94682
42,1464956762274888,41,2.91533,0,2.92967,0,14,3182.5319999999992,answer,2.91533,2.92967
42,1464956762291510,41,2.94218,0,2.91963,0,14,3199.1540000000005,answer,2.94218,2.91963
42,1464956762308134,41,2.90906,0,2.89963,0,14,3215.7780000000002,answer,2.90906,2.89963
42,1464956762324758,41,2.91382,0,2.98131,0,14,3232.402,answer,2.91382,2.98131
42,1464956762341514,41,2.8898,0,2.93611,0,14,3249.1579999999994,answer,2.8898,2.93611
42,1464956762358131,41,2.89873,0,2.90039,0,14,3265.7749999999996,answer,2.89873,2.90039
42,1464956762374755,41,2.91554,0,2.96931,0,14,3282.3989999999994,answer,2.91554,2.96931
42,1464956762391380,41,2.90973,0,2.91747,0,14,3299.0239999999994,answer,2.90973,2.91747
42,1464956762408004,41,2.87152,0,2.92712,0,14,3315.6479999999992,answer,2.87152,2.92712
42,1464956762424753,41,2.91565,0,2.95007,0,14,3332.396999999999,answer,2.91565,2.95007
42,1464956762441376,41,2.91187,0,2.90498,0,14,3349.0200000000004,answer,2.91187,2.90498
42,1464956762458001,41,2.89491,0,2.90593,0,14,3365.6450000000004,answer,2.89491,2.90593
42,1464956762474626,41,2.86635,0,2.94106,0,14,3382.2700000000004,answer,2.86635,2.94106
42,1464956762491372,41,2.88791,0,2.95409,0,14,3399.0159999999996,answer,2.88791,2.95409
42,1464956762507995,41,2.88754,0,2.92795,0,14,3415.638999999999,answer,2.88754,2.92795
42,1464956762524620,41,2.86816,0,2.93814,0,14,3432.263999999999,answer,2.86816,2.93814
42,1464956762541244,41,2.88931,0,2.93988,0,14,3448.887999999999,answer,2.88931,2.93988
42,1464956762557868,41,2.88501,0,2.95715,0,14,3465.5120000000006,answer,2.88501,2.95715
42,1464956762574616,41,2.8777,0,2.96411,0,14,3482.26,answer,2.8777,2.96411
42,1464956762591241,41,2.90555,0,2.95312,0,14,3498.885,answer,2.90555,2.95312
42,1464956762674484,41,2.8727,0,2.94621,0,14,3582.1280000000006,answer,2.8727,2.94621
42,1464956762691108,41,2.89702,0,2.94617,0,14,3598.7520000000004,answer,2.89702,2.94617
42,1464956762707733,41,2.87389,0,2.92657,0,14,3615.3770000000004,answer,2.87389,2.92657
42,1464956762724481,41,2.88907,0,2.93378,0,14,3632.125,answer,2.88907,2.93378
42,1464956762741106,41,2.92499,0,2.94016,0,14,3648.75,answer,2.92499,2.94016
42,1464956762757730,41,2.88689,0,2.91756,0,14,3665.374,answer,2.88689,2.91756
42,1464956762774354,41,2.89584,0,2.93472,0,14,3681.9979999999996,answer,2.89584,2.93472
42,1464956762791103,41,2.91731,0,2.92566,0,14,3698.747000000001,answer,2.91731,2.92566
42,1464956762807737,41,2.89339,0,2.94679,0,14,3715.3809999999994,answer,2.89339,2.94679
42,1464956762824351,41,2.8777,0,2.92549,0,14,3731.995000000001,answer,2.8777,2.92549
42,1464956762840973,41,2.91223,0,2.94783,0,14,3748.617,answer,2.91223,2.94783
42,1464956762857596,41,2.9046,0,2.91414,0,14,3765.24,answer,2.9046,2.91414
42,1464956762874346,41,2.85478,0,2.92163,0,14,3781.99,answer,2.85478,2.92163
42,1464956762890970,41,2.9287,0,3.00124,0,14,3798.6139999999996,answer,2.9287,3.00124
42,1464956762907594,41,2.95673,0,2.99014,0,14,3815.238000000001,answer,2.95673,2.99014
42,1464956762924218,41,2.94553,0,3.00499,0,14,3831.862000000001,answer,2.94553,3.00499
42,1464956762940966,41,2.9474,0,2.96625,0,14,3848.6100000000006,answer,2.9474,2.96625
42,1464956762957591,41,2.94028,0,2.97952,0,14,3865.2350000000006,answer,2.94028,2.97952
42,1464956762974215,41,2.96739,0,2.97125,0,14,3881.8590000000004,answer,2.96739,2.97125
42,1464956762990839,41,2.93958,0,2.9745,0,14,3898.483,answer,2.93958,2.9745
42,1464956763007587,41,2.91783,0,2.97227,0,14,3915.2309999999998,answer,2.91783,2.97227
42,1464956763024210,41,2.94977,0,2.99091,0,14,3931.854000000001,answer,2.94977,2.99091
42,1464956763040834,41,2.93729,0,2.98561,0,14,3948.478000000001,answer,2.93729,2.98561
42,1464956763057458,41,2.94641,0,2.96677,0,14,3965.1020000000008,answer,2.94641,2.96677
42,1464956763074083,41,2.96857,0,2.9801,0,14,3981.7270000000008,answer,2.96857,2.9801
42,1464956763090831,41,2.97946,0,3.00945,0,14,3998.4750000000004,answer,2.97946,3.00945
42,1464956763107456,41,2.95917,0,3.01201,0,14,4015.1000000000004,answer,2.95917,3.01201
42,1464956763124079,41,2.96085,0,2.99031,0,14,4031.723,answer,2.96085,2.99031
42,1464956763140704,41,2.95274,0,2.98431,0,14,4048.348,answer,2.95274,2.98431
42,1464956763157452,41,2.96085,0,2.97522,0,14,4065.0959999999995,answer,2.96085,2.97522
42,1464956763174077,41,2.99571,0,NA,0,14,4081.7209999999995,answer,2.99571,3.02748
42,1464956763190712,41,2.98528,0,NA,0,14,4098.356,answer,2.98528,3.00017
42,1464956763207324,41,2.99255,0,NA,0,14,4114.968000000001,answer,2.99255,2.96083
42,1464956763223947,41,NA,0,NA,4,14,4131.591,answer,3.01448,NA
42,1464956763240696,41,NA,0,NA,4,14,4148.34,answer,3.22392,NA
42,1464956763257320,41,NA,0,NA,4,14,4164.964,answer,3.04576,NA
42,1464956763273944,41,2.93147,0,NA,4,14,4181.588,answer,2.93147,NA
42,1464956763290568,41,2.97751,0,NA,4,14,4198.2119999999995,answer,2.97751,NA
42,1464956763307317,41,2.99252,0,NA,4,14,4214.961000000001,answer,2.99252,NA
42,1464956763323941,41,3.07394,0,NA,4,14,4231.585000000001,answer,3.07394,NA
42,1464956763340565,41,3.09282,0,NA,4,14,4248.209000000001,answer,3.09282,NA
42,1464956763457193,41,NA,3,2.4315,1,14,4364.8369999999995,answer,NA,2.4315
42,1464956763473806,41,NA,3,2.45096,1,14,4381.450000000001,answer,NA,2.45096
42,1464956763490430,41,NA,3,2.44244,1,14,4398.0740000000005,answer,NA,2.44244
42,1464956763507054,41,NA,3,2.45258,1,14,4414.698,answer,NA,2.45258
42,1464956763590312,41,NA,3,2.92377,1,14,4497.956,answer,NA,2.92377
42,1464956763673542,41,NA,1,NA,3,14,4581.186,answer,2.19215,NA
42,1464956763690291,41,NA,0,3.18492,0,14,4597.9349999999995,answer,3.00529,3.18492
42,1464956763706915,41,NA,0,3.18657,0,14,4614.559000000001,answer,3.12856,3.18657
42,1464956763723541,41,NA,0,3.21158,0,14,4631.1849999999995,answer,3.07864,3.21158
42,1464956763740163,41,NA,0,3.2012,0,14,4647.807000000001,answer,3.06322,3.2012
42,1464956763756909,41,3.1132,0,3.26582,0,14,4664.553,answer,3.1132,3.26582
42,1464956763773534,41,3.12045,0,3.25583,0,14,4681.178,answer,3.12045,3.25583
42,1464956763790158,41,3.10519,0,3.25424,0,14,4697.802,answer,3.10519,3.25424
42,1464956763806782,41,3.15523,0,3.26086,0,14,4714.4259999999995,answer,3.15523,3.26086
42,1464956763823531,41,3.15396,0,3.29286,0,14,4731.175000000001,answer,3.15396,3.29286
42,1464956763840155,41,3.18098,0,3.30034,0,14,4747.799000000001,answer,3.18098,3.30034
42,1464956763856779,41,3.17928,0,3.30072,0,14,4764.423000000001,answer,3.17928,3.30072
42,1464956763873403,41,3.18187,0,3.28061,0,14,4781.0470000000005,answer,3.18187,3.28061
42,1464956763890027,41,3.20395,0,3.32185,0,14,4797.671,answer,3.20395,3.32185
42,1464956763906777,41,3.23483,0,3.31006,0,14,4814.421,answer,3.23483,3.31006
42,1464956763923400,41,3.1924,0,3.30588,0,14,4831.044,answer,3.1924,3.30588
42,1464956763940022,41,3.17128,0,3.30293,0,14,4847.666000000001,answer,3.17128,3.30293
42,1464956763956648,41,3.17616,0,3.29233,0,14,4864.2919999999995,answer,3.17616,3.29233
42,1464956763973396,41,3.14183,0,3.28819,0,14,4881.040000000001,answer,3.14183,3.28819
42,1464956763990019,41,3.13318,0,3.25096,0,14,4897.6630000000005,answer,3.13318,3.25096
42,1464956764006644,41,3.11574,0,3.2294,0,14,4914.2880000000005,answer,3.11574,3.2294
42,1464956764023274,41,3.10547,0,3.2128,0,14,4930.918,answer,3.10547,3.2128
42,1464956764039892,41,3.08171,0,3.1727,0,14,4947.536,answer,3.08171,3.1727
42,1464956764056642,41,3.03722,0,3.17157,0,14,4964.286,answer,3.03722,3.17157
42,1464956764073272,41,3.03978,0,3.13248,0,14,4980.916000000001,answer,3.03978,3.13248
42,1464956764089889,41,3.05096,0,3.14424,0,14,4997.532999999999,answer,3.05096,3.14424
42,1464956764106513,41,3.02066,0,3.09636,0,14,5014.157000000001,answer,3.02066,3.09636
42,1464956764123265,41,3.03549,0,3.12321,0,14,5030.909,answer,3.03549,3.12321
42,1464956764139884,41,3.0369,0,3.13292,0,14,5047.528,answer,3.0369,3.13292
42,1464956764156507,41,3.03491,0,3.1167,0,14,5064.151,answer,3.03491,3.1167
42,1464956764173133,41,3.04239,0,3.10506,0,14,5080.777,answer,3.04239,3.10506
42,1464956764189755,41,3.03935,0,3.11613,0,14,5097.398999999999,answer,3.03935,3.11613
42,1464956764206505,41,3.03714,0,3.11209,0,14,5114.148999999999,answer,3.03714,3.11209
42,1464956764223130,41,3.03615,0,3.1122,0,14,5130.773999999999,answer,3.03615,3.1122
42,1464956764239754,41,3.02881,0,3.12189,0,14,5147.398000000001,answer,3.02881,3.12189
42,1464956764256377,41,3.02318,0,3.10046,0,14,5164.021000000001,answer,3.02318,3.10046
42,1464956764273127,41,3.04562,0,3.12132,0,14,5180.771000000001,answer,3.04562,3.12132
42,1464956764289750,41,3.04141,0,3.09592,0,14,5197.394,answer,3.04141,3.09592
42,1464956764306383,41,3.04886,0,3.12419,0,14,5214.027,answer,3.04886,3.12419
42,1464956764322996,41,3.04799,0,3.11278,0,14,5230.639999999999,answer,3.04799,3.11278
42,1464956764339621,41,3.05721,0,3.07588,0,14,5247.264999999999,answer,3.05721,3.07588
42,1464956764356369,41,3.03728,0,3.11763,0,14,5264.013000000001,answer,3.03728,3.11763
42,1464956764372995,41,3.04437,0,3.10782,0,14,5280.639000000001,answer,3.04437,3.10782
42,1464956764389617,41,3.04568,0,3.10796,0,14,5297.261,answer,3.04568,3.10796
42,1464956764406242,41,3.04401,0,3.10565,0,14,5313.886,answer,3.04401,3.10565
42,1464956764422990,41,3.04398,0,3.11461,0,14,5330.634,answer,3.04398,3.11461
42,1464956764439615,41,3.02579,0,3.09805,0,14,5347.259,answer,3.02579,3.09805
42,1464956764456238,41,3.02417,0,3.09074,0,14,5363.882,answer,3.02417,3.09074
42,1464956764472863,41,3.05338,0,3.12262,0,14,5380.507,answer,3.05338,3.12262
42,1464956764489484,41,3.06589,0,3.10442,0,14,5397.128000000001,answer,3.06589,3.10442
42,1464956764506234,41,3.07608,0,3.13487,0,14,5413.878000000001,answer,3.07608,3.13487
42,1464956764522857,41,3.07787,0,3.1091,0,14,5430.501,answer,3.07787,3.1091
42,1464956764539482,41,3.07388,0,3.11052,0,14,5447.126,answer,3.07388,3.11052
42,1464956764556106,41,3.06445,0,3.14323,0,14,5463.75,answer,3.06445,3.14323
42,1464956764572855,41,3.07919,0,3.14769,0,14,5480.499,answer,3.07919,3.14769
42,1464956764589479,41,3.05229,0,3.14235,0,14,5497.123,answer,3.05229,3.14235
42,1464956764606109,41,3.04893,0,3.12657,0,14,5513.753000000001,answer,3.04893,3.12657
42,1464956764622727,41,3.02286,0,3.12839,0,14,5530.371000000001,answer,3.02286,3.12839
42,1464956764639351,41,3.03812,0,3.14415,0,14,5546.995000000001,answer,3.03812,3.14415
42,1464956764656100,41,3.08086,0,3.13686,0,14,5563.744000000001,answer,3.08086,3.13686
42,1464956764672722,41,3.06932,0,3.13142,0,14,5580.366,answer,3.06932,3.13142
42,1464956764689347,41,3.08237,0,3.15085,0,14,5596.991,answer,3.08237,3.15085
42,1464956764705970,41,3.06604,0,3.14841,0,14,5613.614,answer,3.06604,3.14841
42,1464956764722719,41,3.03235,0,3.14003,0,14,5630.363000000001,answer,3.03235,3.14003
42,1464956764739344,41,3.06393,0,3.11511,0,14,5646.988000000001,answer,3.06393,3.11511
42,1464956764755967,41,3.07152,0,3.13557,0,14,5663.611000000001,answer,3.07152,3.13557
42,1464956764772592,41,3.07118,0,3.13843,0,14,5680.236000000001,answer,3.07118,3.13843
42,1464956769351903,41,3.18236,0,3.21095,0,14,10259.547,answer,3.18236,3.21095
42,1464956769368527,41,3.17833,0,3.19011,0,14,10276.171,answer,3.17833,3.19011
42,1464956769385151,41,3.17241,0,3.18369,0,14,10292.795,answer,3.17241,3.18369
42,1464956769401900,41,3.15944,0,3.18095,0,14,10309.544,answer,3.15944,3.18095
42,1464956769418525,41,3.15265,0,3.17923,0,14,10326.169,answer,3.15265,3.17923
42,1464956769435146,41,3.16351,0,3.17665,0,14,10342.79,answer,3.16351,3.17665
42,1464956769451771,41,3.14539,0,3.1675,0,14,10359.415,answer,3.14539,3.1675
42,1464956769468519,41,3.15627,0,3.16832,0,14,10376.163,answer,3.15627,3.16832
42,1464956769485143,41,3.16373,0,3.18098,0,14,10392.787,answer,3.16373,3.18098
42,1464956769501767,41,3.15871,0,3.17339,0,14,10409.411,answer,3.15871,3.17339
42,1464956769518391,41,3.11942,0,3.15729,0,14,10426.035,answer,3.11942,3.15729
42,1464956769535015,41,3.16039,0,3.18263,0,14,10442.659,answer,3.16039,3.18263
42,1464956769551776,41,3.15421,0,3.25334,0,14,10459.42,answer,3.15421,3.25334
42,1464956769568388,41,3.11688,0,3.23003,0,14,10476.032000000001,answer,3.11688,3.23003
42,1464956769585013,41,3.12981,0,3.23428,0,14,10492.657000000001,answer,3.12981,3.23428
42,1464956769601636,41,3.13681,0,3.23105,0,14,10509.28,answer,3.13681,3.23105
42,1464956769618383,41,3.14832,0,3.22813,0,14,10526.027,answer,3.14832,3.22813
42,1464956769635007,41,3.13557,0,3.24078,0,14,10542.651,answer,3.13557,3.24078
42,1464956769651638,41,3.13951,0,3.24944,0,14,10559.282000000001,answer,3.13951,3.24944
42,1464956769668255,41,3.13998,0,3.24748,0,14,10575.899,answer,3.13998,3.24748
42,1464956769684880,41,3.12383,0,3.23178,0,14,10592.524,answer,3.12383,3.23178
42,1464956769701628,41,3.12451,0,3.24887,0,14,10609.272,answer,3.12451,3.24887
42,1464956769718253,41,3.12813,0,3.2345,0,14,10625.897,answer,3.12813,3.2345
42,1464956769734877,41,3.12689,0,3.24248,0,14,10642.521,answer,3.12689,3.24248
42,1464956769751501,41,3.11768,0,3.24448,0,14,10659.145,answer,3.11768,3.24448
42,1464956769768250,41,3.12625,0,3.23178,0,14,10675.894,answer,3.12625,3.23178
42,1464956769784874,41,3.11957,0,3.24423,0,14,10692.518,answer,3.11957,3.24423
42,1464956769801495,41,3.12015,0,3.23837,0,14,10709.139000000001,answer,3.12015,3.23837
42,1464956769818120,41,3.12201,0,3.21353,0,14,10725.764000000001,answer,3.12201,3.21353
42,1464956769834749,41,3.14374,0,3.24211,0,14,10742.393,answer,3.14374,3.24211
42,1464956769851493,41,3.13553,0,3.23306,0,14,10759.137,answer,3.13553,3.23306
42,1464956769868117,41,3.13998,0,3.22372,0,14,10775.761,answer,3.13998,3.22372
42,1464956769884741,41,3.13632,0,3.25203,0,14,10792.385,answer,3.13632,3.25203
42,1464956769901365,41,3.15239,0,3.24303,0,14,10809.009,answer,3.15239,3.24303
42,1464956769918115,41,3.14406,0,3.25328,0,14,10825.759,answer,3.14406,3.25328
42,1464956769934754,41,3.16283,0,3.25034,0,14,10842.398000000001,answer,3.16283,3.25034
42,1464956769951363,41,3.15355,0,3.23737,0,14,10859.007,answer,3.15355,3.23737
42,1464956769967986,41,3.181,0,3.25171,0,14,10875.630000000001,answer,3.181,3.25171
42,1464956769984608,41,3.17886,0,3.24664,0,14,10892.252,answer,3.17886,3.24664
42,1464956770001357,41,3.17905,0,3.23604,0,14,10909.001,answer,3.17905,3.23604
42,1464956770017981,41,3.18318,0,3.24255,0,14,10925.625,answer,3.18318,3.24255
42,1464956770034605,41,3.19206,0,3.20732,0,14,10942.249,answer,3.19206,3.20732
42,1464956770051230,41,3.17661,0,3.22664,0,14,10958.874,answer,3.17661,3.22664
42,1464956770067978,41,3.18729,0,3.22423,0,14,10975.622000000001,answer,3.18729,3.22423
42,1464956770084603,41,3.18396,0,3.21338,0,14,10992.247000000001,answer,3.18396,3.21338
42,1464956770101226,41,3.17865,0,3.20638,0,14,11008.87,answer,3.17865,3.20638
42,1464956770117851,41,3.17851,0,3.2001,0,14,11025.495,answer,3.17851,3.2001
42,1464956770134474,41,3.19157,0,3.19156,0,14,11042.118,answer,3.19157,3.19156
42,1464956770151224,41,3.18372,0,3.18089,0,14,11058.868,answer,3.18372,3.18089
42,1464956770167845,41,3.17006,0,3.19727,0,14,11075.489,answer,3.17006,3.19727
42,1464956770184470,41,3.17397,0,3.19945,0,14,11092.114,answer,3.17397,3.19945
42,1464956770201093,41,3.15959,0,3.18646,0,14,11108.737000000001,answer,3.15959,3.18646
42,1464956770217843,41,3.18942,0,3.20251,0,14,11125.487000000001,answer,3.18942,3.20251
42,1464956770234466,41,3.2253,0,3.18245,0,14,11142.11,answer,3.2253,3.18245
42,1464956770251091,41,3.19957,0,3.14078,0,14,11158.735,answer,3.19957,3.14078
42,1464956770267715,41,3.2263,0,3.18997,0,14,11175.359,answer,3.2263,3.18997
42,1464956770284464,41,3.23112,0,3.15837,0,14,11192.108,answer,3.23112,3.15837
42,1464956770301086,41,3.22737,0,3.16972,0,14,11208.73,answer,3.22737,3.16972
42,1464956770317716,41,3.21956,0,3.16734,0,14,11225.36,answer,3.21956,3.16734
42,1464956770334336,41,3.21826,0,3.18416,0,14,11241.98,answer,3.21826,3.18416
42,1464956770350958,41,3.22316,0,3.17221,0,14,11258.602,answer,3.22316,3.17221
42,1464956770367707,41,3.22458,0,3.16263,0,14,11275.351,answer,3.22458,3.16263
42,1464956770384332,41,3.25156,0,3.1848,0,14,11291.976,answer,3.25156,3.1848
42,1464956770400955,41,3.26283,0,3.17487,0,14,11308.599,answer,3.26283,3.17487
42,1464956770417579,41,3.25562,0,3.17981,0,14,11325.223,answer,3.25562,3.17981
42,1464956770434327,41,3.24039,0,3.20128,0,14,11341.971,answer,3.24039,3.20128
42,1464956770450954,41,3.22226,0,3.18604,0,14,11358.598,answer,3.22226,3.18604
42,1464956770467576,41,3.24118,0,3.18402,0,14,11375.220000000001,answer,3.24118,3.18402
42,1464956770484201,41,3.21353,0,3.19391,0,14,11391.845000000001,answer,3.21353,3.19391
42,1464956770500824,41,3.20915,0,3.16675,0,14,11408.468,answer,3.20915,3.16675
42,1464956770517574,41,3.20923,0,3.18022,0,14,11425.218,answer,3.20923,3.18022
42,1464956770534195,41,3.19754,0,3.17014,0,14,11441.839,answer,3.19754,3.17014
42,1464956770550827,41,3.18217,0,3.17253,0,14,11458.471,answer,3.18217,3.17253
42,1464956770567443,41,3.17722,0,3.16927,0,14,11475.087,answer,3.17722,3.16927
42,1464956770584193,41,3.15282,0,3.15691,0,14,11491.837,answer,3.15282,3.15691
42,1464956770600817,41,3.15074,0,3.15312,0,14,11508.461000000001,answer,3.15074,3.15312
42,1464956770617441,41,3.13451,0,3.12901,0,14,11525.085000000001,answer,3.13451,3.12901
42,1464956770634064,41,3.13652,0,3.13132,0,14,11541.708,answer,3.13652,3.13132
42,1464956770650689,41,3.13742,0,3.11353,0,14,11558.333,answer,3.13742,3.11353
42,1464956770667437,41,3.13831,0,3.13799,0,14,11575.081,answer,3.13831,3.13799
42,1464956770684062,41,3.12373,0,3.15106,0,14,11591.706,answer,3.12373,3.15106
42,1464956770700686,41,3.09474,0,3.15938,0,14,11608.33,answer,3.09474,3.15938
42,1464956770717308,41,3.06421,0,3.19247,0,14,11624.952000000001,answer,3.06421,3.19247
42,1464956770734057,41,3.08449,0,3.17445,0,14,11641.701000000001,answer,3.08449,3.17445
42,1464956770750681,41,3.07864,0,3.15883,0,14,11658.325,answer,3.07864,3.15883
42,1464956770767305,41,3.07314,0,3.19334,0,14,11674.949,answer,3.07314,3.19334
42,1464956770783929,41,3.06703,0,3.17862,0,14,11691.573,answer,3.06703,3.17862
42,1464956770800553,41,3.0663,0,3.18721,0,14,11708.197,answer,3.0663,3.18721
42,1464956770817302,41,3.08881,0,3.14618,0,14,11724.946,answer,3.08881,3.14618
42,1464956770833926,41,3.05557,0,3.15576,0,14,11741.57,answer,3.05557,3.15576
42,1464956770850551,41,3.07246,0,3.15247,0,14,11758.195,answer,3.07246,3.15247
42,1464956770867183,41,3.04909,0,3.17445,0,14,11774.827000000001,answer,3.04909,3.17445
42,1464956770883924,41,3.01268,0,3.14069,0,14,11791.568000000001,answer,3.01268,3.14069
42,1464956770900545,41,3.02994,0,3.17238,0,14,11808.189,answer,3.02994,3.17238
42,1464956770917170,41,3.02861,0,3.17685,0,14,11824.814,answer,3.02861,3.17685
42,1464956770933793,41,3.0014,0,3.17404,0,14,11841.437,answer,3.0014,3.17404
42,1464956770950419,41,3.01433,0,3.16379,0,14,11858.063,answer,3.01433,3.16379
42,1464956770967166,41,3.01881,0,3.13635,0,14,11874.81,answer,3.01881,3.13635
42,1464956770983791,41,3.01811,0,3.13245,0,14,11891.435,answer,3.01811,3.13245
42,1464956771000414,41,2.99739,0,3.1501,0,14,11908.057999999999,answer,2.99739,3.1501
42,1464956771017039,41,3.01576,0,3.1207,0,14,11924.682999999999,answer,3.01576,3.1207
42,1464956771033788,41,3.01855,0,3.12057,0,14,11941.431999999999,answer,3.01855,3.12057
42,1464956771050412,41,3.04601,0,3.16551,0,14,11958.055999999999,answer,3.04601,3.16551
42,1464956771067037,41,3.05058,0,3.145,0,14,11974.680999999999,answer,3.05058,3.145
42,1464956771083658,41,3.00919,0,3.15405,0,14,11991.302000000001,answer,3.00919,3.15405
42,1464956771100421,41,3.02873,0,3.14917,0,14,12008.065,answer,3.02873,3.14917
42,1464956771117031,41,3.03163,0,3.1295,0,14,12024.675000000001,answer,3.03163,3.1295
42,1464956771133655,41,3.02748,0,3.15483,0,14,12041.299,answer,3.02748,3.15483
42,1464956771150279,41,3.03357,0,3.13423,0,14,12057.923,answer,3.03357,3.13423
42,1464956771166904,41,3.03725,0,3.1611,0,14,12074.548,answer,3.03725,3.1611
42,1464956771183652,41,3.03738,0,3.14609,0,14,12091.296,answer,3.03738,3.14609
42,1464956771200276,41,3.04741,0,3.14645,0,14,12107.92,answer,3.04741,3.14645
42,1464956771216900,41,3.05522,0,3.14053,0,14,12124.544,answer,3.05522,3.14053
42,1464956771233525,41,3.03795,0,3.11801,0,14,12141.169,answer,3.03795,3.11801
42,1464956771250274,41,3.05803,0,3.1461,0,14,12157.918,answer,3.05803,3.1461
42,1464956771266895,41,3.0378,0,3.15494,0,14,12174.538999999999,answer,3.0378,3.15494
42,1464956771283519,41,3.07742,0,3.14685,0,14,12191.162999999999,answer,3.07742,3.14685
42,1464956771300143,41,3.084,0,3.15353,0,14,12207.787000000002,answer,3.084,3.15353
42,1464956771316767,41,3.12836,0,3.16815,0,14,12224.411000000002,answer,3.12836,3.16815
42,1464956771333518,41,3.13324,0,3.13295,0,14,12241.162000000002,answer,3.13324,3.13295
42,1464956771350141,41,3.1261,0,3.16563,0,14,12257.785000000002,answer,3.1261,3.16563
42,1464956771366764,41,3.12244,0,3.1403,0,14,12274.408000000001,answer,3.12244,3.1403
42,1464956771383389,41,3.1198,0,3.17943,0,14,12291.033000000001,answer,3.1198,3.17943
42,1464956771400138,41,3.13255,0,3.16177,0,14,12307.782000000001,answer,3.13255,3.16177
42,1464956771416762,41,3.15047,0,3.1741,0,14,12324.406,answer,3.15047,3.1741
42,1464956771433386,41,3.15631,0,3.1412,0,14,12341.03,answer,3.15631,3.1412
42,1464956771450006,41,3.11253,0,3.16983,0,14,12357.65,answer,3.11253,3.16983
42,1464956771466633,41,3.16701,0,3.1913299999999998,0,14,12374.277,answer,3.16701,3.1913299999999998
42,1464956771483381,41,3.14713,0,3.16992,0,14,12391.025,answer,3.14713,3.16992
42,1464956771500006,41,3.15112,0,3.1814,0,14,12407.65,answer,3.15112,3.1814
42,1464956771516629,41,3.16364,0,3.18291,0,14,12424.273,answer,3.16364,3.18291
42,1464956771533254,41,3.16867,0,3.2014,0,14,12440.898,answer,3.16867,3.2014
42,1464956771550002,41,3.16917,0,3.20689,0,14,12457.645999999999,answer,3.16917,3.20689
42,1464956771566627,41,3.20807,0,3.18976,0,14,12474.270999999999,answer,3.20807,3.18976
42,1464956771583251,41,3.1998,0,3.20599,0,14,12490.894999999999,answer,3.1998,3.20599
42,1464956771599875,41,3.21854,0,3.1835,0,14,12507.519000000002,answer,3.21854,3.1835
42,1464956771616499,41,3.20648,0,3.19664,0,14,12524.143000000002,answer,3.20648,3.19664
42,1464956771633246,41,3.2197,0,3.18683,0,14,12540.890000000001,answer,3.2197,3.18683
42,1464956771649869,41,3.21207,0,3.19637,0,14,12557.513,answer,3.21207,3.19637
42,1464956771666506,41,3.22583,0,3.19873,0,14,12574.15,answer,3.22583,3.19873
42,1464956771683117,41,3.26811,0,3.20844,0,14,12590.761,answer,3.26811,3.20844
42,1464956771699868,41,3.25287,0,3.18787,0,14,12607.512,answer,3.25287,3.18787
42,1464956771716491,41,3.24153,0,3.18474,0,14,12624.135,answer,3.24153,3.18474
42,1464956771733115,41,3.2267,0,3.20035,0,14,12640.759,answer,3.2267,3.20035
42,1464956771749739,41,3.22545,0,3.22136,0,14,12657.383,answer,3.22545,3.22136
42,1464956771766487,41,3.24083,0,3.1965,0,14,12674.131,answer,3.24083,3.1965
42,1464956771783112,41,3.24634,0,3.1911,0,14,12690.756,answer,3.24634,3.1911
42,1464956771799736,41,3.23781,0,3.20856,0,14,12707.38,answer,3.23781,3.20856
42,1464956771816358,41,3.22264,0,3.18082,0,14,12724.001999999999,answer,3.22264,3.18082
42,1464956771832982,41,3.21429,0,3.18515,0,14,12740.626000000002,answer,3.21429,3.18515
42,1464956771849731,41,3.19707,0,3.20618,0,14,12757.375000000002,answer,3.19707,3.20618
42,1464956771866355,41,3.20554,0,3.15628,0,14,12773.999000000002,answer,3.20554,3.15628
42,1464956771882979,41,3.18474,0,3.16408,0,14,12790.623000000001,answer,3.18474,3.16408
42,1464956771899603,41,3.15932,0,3.18433,0,14,12807.247000000001,answer,3.15932,3.18433
42,1464956771916352,41,3.14783,0,3.17212,0,14,12823.996000000001,answer,3.14783,3.17212
42,1464956771932977,41,3.14896,0,3.17023,0,14,12840.621000000001,answer,3.14896,3.17023
42,1464956771949600,41,3.14995,0,3.13872,0,14,12857.244,answer,3.14995,3.13872
42,1464956771966225,41,3.16045,0,3.15437,0,14,12873.869,answer,3.16045,3.15437
42,1464956771982848,41,3.12683,0,3.13779,0,14,12890.492,answer,3.12683,3.13779
42,1464956771999596,41,3.15216,0,3.12683,0,14,12907.24,answer,3.15216,3.12683
42,1464956772016219,41,3.13763,0,3.11105,0,14,12923.863,answer,3.13763,3.11105
42,1464956772032844,41,3.13103,0,3.11057,0,14,12940.488,answer,3.13103,3.11057
42,1464956772049467,41,3.07788,0,3.10527,0,14,12957.110999999999,answer,3.07788,3.10527
42,1464956772066224,41,3.08719,0,3.10028,0,14,12973.868,answer,3.08719,3.10028
